PATIENT,EGR1|1958
TCGA-06-AABW-11A-31R-A36H-07,9.909599
TCGA-06-0678-11A-32R-A36H-07,12.38223
TCGA-06-0675-11A-32R-A36H-07,12.38474
TCGA-06-0681-11A-41R-A36H-07,12.3168
TCGA-06-0680-11A-32R-A36H-07,11.28367
