exon,id,ENSEMBL_geneID,ENSEMBL_transcriptID,chr,exon_start,exon_end,strand,genestart,geneend,genebiotype,genename,rnaseqgeneid,Norm_nsamples,Norm_mean,Norm_sd,Tum_nsamples,Tum_mean,Tum_sd,wilcox_stat,pval,adj.pval
chr5:137801181-137801757:+,ENST00000239938_exon_0_0_chr5_137801179_f,ENSG00000120738,ENST00000239938,chr5,137801178,137801757,+,137801179,137805004,protein_coding,EGR1,EGR1|1958,5,3.89717099071715,1.1271456523445,156,4.36511655649345,1.19575366061231,324,0.523276240655201,0.523276240655201
chr5:137802446-137805004:+,ENST00000239938_exon_1_0_chr5_137802446_f,ENSG00000120738,ENST00000239938,chr5,137802445,137805004,+,137801179,137805004,protein_coding,EGR1,EGR1|1958,5,5.51909974922672,1.0322162519936,156,6.13281887209905,1.12960071919857,285,0.308506043634254,0.523276240655201
