PATIENT,CHRNA7|1139
TCGA-06-AABW-11A-31R-A36H-07,1.589811
TCGA-06-0678-11A-32R-A36H-07,3.860893
TCGA-06-0675-11A-32R-A36H-07,6.125697
TCGA-06-0681-11A-41R-A36H-07,5.635693
TCGA-06-0680-11A-32R-A36H-07,5.459645
