exon,id,ENSEMBL_geneID,ENSEMBL_transcriptID,chr,exon_start,exon_end,strand,genestart,geneend,genebiotype,genename,rnaseqgeneid,Norm_nsamples,Norm_mean,Norm_sd,Tum_nsamples,Tum_mean,Tum_sd,wilcox_stat,pval,adj.pval
chr15:32323101-32323240:+,ENST00000437966_exon_1_0_chr15_32323101_f,ENSG00000175344,ENST00000437966,chr15,32323100,32323240,+,32322691,32464722,protein_coding,CHRNA7,CHRNA7|1139,5,1.21010825502905,0.608612667195669,156,0.59435379681494,0.656465917063956,607,0.0342884887661846,0.0800064737877641
chr15:32393506-32393550:+,ENST00000437966_exon_2_0_chr15_32393506_f,ENSG00000175344,ENST00000437966,chr15,32393505,32393550,+,32322691,32464722,protein_coding,CHRNA7,CHRNA7|1139,5,1.23954873135262,0.706577043500209,156,0.704559789769721,1.02632857110371,573,0.0494528048120895,0.0865424084211566
chr15:32403991-32404100:+,ENST00000454250_exon_3_0_chr15_32403991_f,ENSG00000175344,ENST00000454250,chr15,32403990,32404100,+,32322691,32464722,protein_coding,CHRNA7,CHRNA7|1139,5,0.933877084624159,0.520546074975346,156,0.661689440266201,0.770582498829053,545,0.130499459479134,0.130499459479134
chr15:32446108-32446187:+,ENST00000454250_exon_4_0_chr15_32446108_f,ENSG00000175344,ENST00000454250,chr15,32446107,32446187,+,32322691,32464722,protein_coding,CHRNA7,CHRNA7|1139,5,1.39997466801734,0.639840040864886,156,0.888362011002058,0.859463267167172,570,0.0798641579668381,0.111809821153573
chr15:32450613-32450807:+,ENST00000454250_exon_6_0_chr15_32450613_f,ENSG00000175344,ENST00000454250,chr15,32450612,32450807,+,32322691,32464722,protein_coding,CHRNA7,CHRNA7|1139,5,1.66042244195734,0.942463781109482,156,1.09187156723407,0.698587853580701,560,0.0985765949746875,0.115006027470469
chr15:32451770-32451856:+,ENST00000454250_exon_7_0_chr15_32451770_f,ENSG00000175344,ENST00000454250,chr15,32451769,32451856,+,32322691,32464722,protein_coding,CHRNA7,CHRNA7|1139,5,1.98443603958419,1.05712256703549,156,0.908056121973229,0.665832308351964,634,0.0176408007708006,0.0617428026978021
chr15:32455427-32455536:+,ENST00000437966_exon_6_0_chr15_32455427_f,ENSG00000175344,ENST00000437966,chr15,32455426,32455536,+,32322691,32464722,protein_coding,CHRNA7,CHRNA7|1139,5,1.64362522634273,1.20436683725546,156,0.441325620735958,0.539590127193506,645,0.01179865270642,0.0617428026978021
