PATIENT,RAMP3|10268
TCGA-06-AABW-11A-31R-A36H-07,8.094669
TCGA-06-0678-11A-32R-A36H-07,7.310031
TCGA-06-0675-11A-32R-A36H-07,7.227847
TCGA-06-0681-11A-41R-A36H-07,7.647984
TCGA-06-0680-11A-32R-A36H-07,6.987128
